{
 "ours_30000": {
  "SSIM": 0.806700587272644,
  "PSNR": 21.931055068969727,
  "LPIPS": 0.23483151197433472
 }
}