{
 "ours_30000": {
  "SSIM": 0.8071659207344055,
  "PSNR": 21.896203994750977,
  "LPIPS": 0.22242766618728638
 }
}