{
 "ours_30000": {
  "SSIM": {
   "00012.png": 0.8842867612838745,
   "00007.png": 0.8231216669082642,
   "00006.png": 0.8710249066352844,
   "00024.png": 0.7855468392372131,
   "00004.png": 0.8595346808433533,
   "00013.png": 0.8822405934333801,
   "00023.png": 0.8188676834106445,
   "00015.png": 0.7595941424369812,
   "00030.png": 0.8066632747650146,
   "00025.png": 0.8084012269973755,
   "00018.png": 0.7440477609634399,
   "00005.png": 0.853913426399231,
   "00016.png": 0.7382357120513916,
   "00037.png": 0.8185976147651672,
   "00001.png": 0.8848794102668762,
   "00033.png": 0.5701920986175537,
   "00020.png": 0.7504477500915527,
   "00022.png": 0.9031262397766113,
   "00010.png": 0.8526923656463623,
   "00027.png": 0.7914530038833618,
   "00028.png": 0.7191430926322937,
   "00034.png": 0.8016729354858398,
   "00014.png": 0.7041536569595337,
   "00026.png": 0.8111886978149414,
   "00021.png": 0.8327428102493286,
   "00017.png": 0.7863624095916748,
   "00011.png": 0.6689165830612183,
   "00031.png": 0.8856434226036072,
   "00008.png": 0.8400918841362,
   "00009.png": 0.8672162890434265,
   "00032.png": 0.8422760367393494,
   "00000.png": 0.8746388554573059,
   "00003.png": 0.7871596813201904,
   "00036.png": 0.8159461617469788,
   "00035.png": 0.7780340313911438,
   "00002.png": 0.9178000688552856,
   "00019.png": 0.7881106734275818,
   "00029.png": 0.8715808391571045
  },
  "PSNR": {
   "00012.png": 22.525243759155273,
   "00007.png": 22.91764259338379,
   "00006.png": 23.46735191345215,
   "00024.png": 18.1628360748291,
   "00004.png": 24.190778732299805,
   "00013.png": 23.46034812927246,
   "00023.png": 19.55929946899414,
   "00015.png": 21.60555076599121,
   "00030.png": 24.235610961914062,
   "00025.png": 22.254846572875977,
   "00018.png": 21.021345138549805,
   "00005.png": 24.937442779541016,
   "00016.png": 20.244842529296875,
   "00037.png": 21.38134765625,
   "00001.png": 25.100738525390625,
   "00033.png": 15.977010726928711,
   "00020.png": 20.078060150146484,
   "00022.png": 21.961042404174805,
   "00010.png": 21.691184997558594,
   "00027.png": 20.83853530883789,
   "00028.png": 19.488868713378906,
   "00034.png": 20.841407775878906,
   "00014.png": 17.174970626831055,
   "00026.png": 22.755231857299805,
   "00021.png": 22.554378509521484,
   "00017.png": 23.09221649169922,
   "00011.png": 18.873884201049805,
   "00031.png": 26.668642044067383,
   "00008.png": 23.656776428222656,
   "00009.png": 22.881107330322266,
   "00032.png": 23.349712371826172,
   "00000.png": 23.598031997680664,
   "00003.png": 22.363563537597656,
   "00036.png": 22.388002395629883,
   "00035.png": 16.591590881347656,
   "00002.png": 26.542081832885742,
   "00019.png": 22.657888412475586,
   "00029.png": 27.031553268432617
  },
  "LPIPS": {
   "00012.png": 0.1973949372768402,
   "00007.png": 0.22870886325836182,
   "00006.png": 0.16421788930892944,
   "00024.png": 0.2524522840976715,
   "00004.png": 0.2049587368965149,
   "00013.png": 0.2062816619873047,
   "00023.png": 0.21229124069213867,
   "00015.png": 0.1909177601337433,
   "00030.png": 0.2473519742488861,
   "00025.png": 0.19968700408935547,
   "00018.png": 0.2504318356513977,
   "00005.png": 0.20204412937164307,
   "00016.png": 0.2727116644382477,
   "00037.png": 0.22233274579048157,
   "00001.png": 0.15253224968910217,
   "00033.png": 0.4187612235546112,
   "00020.png": 0.27335649728775024,
   "00022.png": 0.1665119230747223,
   "00010.png": 0.20478606224060059,
   "00027.png": 0.22788959741592407,
   "00028.png": 0.2541865110397339,
   "00034.png": 0.2629091739654541,
   "00014.png": 0.29109981656074524,
   "00026.png": 0.2217974215745926,
   "00021.png": 0.2248263657093048,
   "00017.png": 0.21136853098869324,
   "00011.png": 0.32246506214141846,
   "00031.png": 0.1788872629404068,
   "00008.png": 0.2135193645954132,
   "00009.png": 0.16665351390838623,
   "00032.png": 0.2259449064731598,
   "00000.png": 0.18589895963668823,
   "00003.png": 0.2960604429244995,
   "00036.png": 0.20110675692558289,
   "00035.png": 0.29864344000816345,
   "00002.png": 0.14739008247852325,
   "00019.png": 0.23401279747486115,
   "00029.png": 0.1898626834154129
  }
 }
}