{
 "ours_30000": {
  "SSIM": 0.8131624460220337,
  "PSNR": 21.960702896118164,
  "LPIPS": 0.21077248454093933
 }
}