{
 "ours_30000": {
  "SSIM": 0.8146243691444397,
  "PSNR": 21.983627319335938,
  "LPIPS": 0.2096870243549347
 }
}