{
 "ours_30000": {
  "SSIM": 0.8105143904685974,
  "PSNR": 22.055814743041992,
  "LPIPS": 0.22690141201019287
 }
}