{
 "ours_30000": {
  "SSIM": 0.8201286792755127,
  "PSNR": 22.099138259887695,
  "LPIPS": 0.20732420682907104
 }
}